user_input,retrieved_contexts,response,reference,faithfulness,answer_relevancy,context_precision,context_recall
¿Qué es Q-Learning y cómo funciona?,"[""Q-learning en el ambiente del FrozenLake\nAlicia Muñiz Jiménez\nLa clave para resolver problemas de aprendizaje por refuerzo (RL) es encontrar la\npolítica óptima ( ) de la función de valor para el problema específico. El Q-learning es\nun algoritmo del tipo modelo libre del RL basado en valor y es un policy off-learner, es\ndecir, depende del ensayo y error para actualizar su experiencia y conocimiento del\nentorno, ya que tienen que aprender la dinámica del sistema a través de la experiencia\ny aprende el valor de la política óptima independientemente del tipo de acciones del\nagente, así como que las actualizaciones de la función de valor se basan en la ecuación\nde Bellman (Jang, Kim, Harerimana y Kim, 2019).\nSu Q proviene de quality (cualidad en inglés), ya que el Q-learning representa qué tan\nútil es una acción en ganar una recompensa a futuro (Shyalika, 2019). Es así que el Q-\nlearning estima la función  que es el valor esperado de hacer una acción 'a' en"", '1) Modificar el código en la etapa de entrenamiento para que corra \nsólo 20 episodio (n_episodes = 20) y correr todo el código que \nsigue. ¿Qué cambios observas en la tabla Q? ¿En la etapa de prueba \no testing el agente sí llega a la meta o qué pasa?\n2) ¿Cuáles son las diferencias en la conducta del agente de \nacciones aleatorias y el agente con el algoritmo de Q-learning?\nReferencias:\nAggarwal, R. (s. f.). Q-learning - Reinforcement Learning. Recuperado el 15 de\ndiciembre de 2022. https://miet.ac.in/assets/uploads/cs/Q%20Learning.pdf\nBrooker, R. (2020). OpenAI Gym: CartPole-v1 - Q-Learning [Youtube].\nhttps://www.youtube.com/watch?v=JNKvJEzuNsc&t=227s\nJang, B. Kim, M. Harerimana, G. y Kim, J.W. (2019). ""Q-Learning Algorithms: A\nComprehensive Classification and Applications,"". IEEE Access, vol. 7,133653-\n133667, doi: 10.1109/ACCESS.2019.2941229\nMatiisen, T. (s. f.). Q-learning [Presentación]. Recuperado el 15 de diciembre de', 'transitará.\nComo se puede apreciar en la ecuación anterior, el Q-learning usa el método de\ndiferencias temporales para la actualización o estimación de los valores Q, ya que sólo\ntoma en cuenta el estado actual y el siguiente estado para estimar los valores Q\n(Matiisen, s. f.). Por otro lado, cuando el Q-learning es ejecutado se crea lo que se llama\nuna tabla-Q, que es una matriz donde las filas normalmente representan cada estado\nposible y las columnas las acciones posibles en cada estado (Aggarwal, s.f. ). Por lo\ntanto, cada entrada de la matriz es un par estado-acción. La tabla siempre se inicializa\ncon todos los valores en 0 y se actualiza cada entrada con la ecuación de actualización\nπ∗\nQ(s,a)\nQ(s,a)\nQ(s,a)←Q(s,a)+α[r(s,a)+γmaxQ′(s′,a′)−Q(s,a)]\nr(s,a)\nγ\nα\nQ(s,a)\nmaxQ′(s′,a′)']","**Respuesta Principal:**
Q-Learning es un algoritmo de aprendizaje por refuerzo (RL) basado en valor que busca encontrar la política óptima para un problema específico. Es un algoritmo modelo libre y policy off-learner, lo que significa que no requiere un modelo del entorno y depende del ensayo y error para actualizar su conocimiento a través de la experiencia. El objetivo principal del Q-Learning es estimar la función Q, que representa el valor esperado de realizar una acción en un estado dado.

En términos simples, el Q-Learning funciona mediante la creación de una tabla-Q, que es una matriz donde las filas representan los posibles estados y las columnas representan las posibles acciones en cada estado. Inicialmente, todos los valores en la tabla-Q se establecen en 0. A medida que el agente interactúa con el entorno, actualiza los valores de la tabla-Q utilizando la ecuación de Bellman, que tiene en cuenta la recompensa inmediata, el valor futuro esperado y la tasa de aprendizaje.

El algoritmo Q-Learning utiliza el método de diferencias temporales para la actualización de los valores Q, lo que implica estimar los valores Q basándose únicamente en el estado actual y el siguiente estado. Esto permite al agente aprender la política óptima independientemente del tipo de acciones que realice.

**Detalles Adicionales:**
En resumen, Q-Learning es un algoritmo de RL que busca encontrar la política óptima a través de la estimación de la función Q, que representa el valor esperado de realizar una acción en un estado dado. El agente aprende a través de la experiencia y actualiza sus conocimientos utilizando la ecuación de Bellman y el método de diferencias temporales.","Q-Learning es un algoritmo de aprendizaje por refuerzo sin modelo que aprende la función de valor Q(s,a) que representa la recompensa esperada de tomar la acción 'a' en el estado 's' y seguir la política óptima. Funciona mediante la actualización iterativa de una tabla Q usando la ecuación Q(s,a) = Q(s,a) + α[r + γ max Q(s',a') - Q(s,a)].",0.9583333333333334,0.921399269488152,0.8333333332916666,1.0
¿Cuál es la ecuación de Bellman en Q-Learning?,"['1) Modificar el código en la etapa de entrenamiento para que corra \nsólo 20 episodio (n_episodes = 20) y correr todo el código que \nsigue. ¿Qué cambios observas en la tabla Q? ¿En la etapa de prueba \no testing el agente sí llega a la meta o qué pasa?\n2) ¿Cuáles son las diferencias en la conducta del agente de \nacciones aleatorias y el agente con el algoritmo de Q-learning?\nReferencias:\nAggarwal, R. (s. f.). Q-learning - Reinforcement Learning. Recuperado el 15 de\ndiciembre de 2022. https://miet.ac.in/assets/uploads/cs/Q%20Learning.pdf\nBrooker, R. (2020). OpenAI Gym: CartPole-v1 - Q-Learning [Youtube].\nhttps://www.youtube.com/watch?v=JNKvJEzuNsc&t=227s\nJang, B. Kim, M. Harerimana, G. y Kim, J.W. (2019). ""Q-Learning Algorithms: A\nComprehensive Classification and Applications,"". IEEE Access, vol. 7,133653-\n133667, doi: 10.1109/ACCESS.2019.2941229\nMatiisen, T. (s. f.). Q-learning [Presentación]. Recuperado el 15 de diciembre de', ""Q-learning en el ambiente del FrozenLake\nAlicia Muñiz Jiménez\nLa clave para resolver problemas de aprendizaje por refuerzo (RL) es encontrar la\npolítica óptima ( ) de la función de valor para el problema específico. El Q-learning es\nun algoritmo del tipo modelo libre del RL basado en valor y es un policy off-learner, es\ndecir, depende del ensayo y error para actualizar su experiencia y conocimiento del\nentorno, ya que tienen que aprender la dinámica del sistema a través de la experiencia\ny aprende el valor de la política óptima independientemente del tipo de acciones del\nagente, así como que las actualizaciones de la función de valor se basan en la ecuación\nde Bellman (Jang, Kim, Harerimana y Kim, 2019).\nSu Q proviene de quality (cualidad en inglés), ya que el Q-learning representa qué tan\nútil es una acción en ganar una recompensa a futuro (Shyalika, 2019). Es así que el Q-\nlearning estima la función  que es el valor esperado de hacer una acción 'a' en"", 'Comprehensive Classification and Applications,"". IEEE Access, vol. 7,133653-\n133667, doi: 10.1109/ACCESS.2019.2941229\nMatiisen, T. (s. f.). Q-learning [Presentación]. Recuperado el 15 de diciembre de\n2022. https://courses.cs.ut.ee/MTAT.03.292/2014_spring/uploads/Main/Q-\nlearning.pdf']","**Respuesta Principal:**
La ecuación de Bellman en Q-Learning es fundamental para actualizar la función de valor Q de una acción en un estado específico. Esta ecuación se expresa de la siguiente manera:

\[ Q(s, a) = (1 - \alpha) \cdot Q(s, a) + \alpha \cdot [r + \gamma \cdot \max Q(s', a')] \]

Donde:
- \( Q(s, a) \) es el valor de la acción \( a \) en el estado \( s \).
- \( \alpha \) es la tasa de aprendizaje que controla cuánto se actualiza la función de valor en cada iteración.
- \( r \) es la recompensa recibida por realizar la acción \( a \) en el estado \( s \).
- \( \gamma \) es el factor de descuento que determina la importancia de las recompensas futuras.
- \( Q(s', a') \) es el valor de la mejor acción en el próximo estado \( s' \).

Esta ecuación refleja cómo se actualiza la estimación del valor de una acción en un estado dado en función de la recompensa recibida y la estimación del valor de la mejor acción en el próximo estado.

**Detalles Adicionales:**
La ecuación de Bellman es esencial en Q-Learning ya que guía al agente en la actualización de su función de valor de manera que pueda aprender la política óptima a través de la interacción con el entorno. La combinación de la ecuación de Bellman con la estrategia de exploración epsilon-greedy permite que el agente aprenda de manera eficiente y encuentre la mejor política posible.","La ecuación de Bellman en Q-Learning es: Q(s,a) = R(s,a) + γ * max[Q(s',a')] donde Q(s,a) es el valor Q del estado s y acción a, R(s,a) es la recompensa inmediata, γ es el factor de descuento, y max[Q(s',a')] es el máximo valor Q del siguiente estado s'.",0.38461538461538464,0.8935144494058105,0.49999999995,1.0
¿Qué significa la tasa de aprendizaje en Q-Learning?,"[""Q-learning en el ambiente del FrozenLake\nAlicia Muñiz Jiménez\nLa clave para resolver problemas de aprendizaje por refuerzo (RL) es encontrar la\npolítica óptima ( ) de la función de valor para el problema específico. El Q-learning es\nun algoritmo del tipo modelo libre del RL basado en valor y es un policy off-learner, es\ndecir, depende del ensayo y error para actualizar su experiencia y conocimiento del\nentorno, ya que tienen que aprender la dinámica del sistema a través de la experiencia\ny aprende el valor de la política óptima independientemente del tipo de acciones del\nagente, así como que las actualizaciones de la función de valor se basan en la ecuación\nde Bellman (Jang, Kim, Harerimana y Kim, 2019).\nSu Q proviene de quality (cualidad en inglés), ya que el Q-learning representa qué tan\nútil es una acción en ganar una recompensa a futuro (Shyalika, 2019). Es así que el Q-\nlearning estima la función  que es el valor esperado de hacer una acción 'a' en"", '1) Modificar el código en la etapa de entrenamiento para que corra \nsólo 20 episodio (n_episodes = 20) y correr todo el código que \nsigue. ¿Qué cambios observas en la tabla Q? ¿En la etapa de prueba \no testing el agente sí llega a la meta o qué pasa?\n2) ¿Cuáles son las diferencias en la conducta del agente de \nacciones aleatorias y el agente con el algoritmo de Q-learning?\nReferencias:\nAggarwal, R. (s. f.). Q-learning - Reinforcement Learning. Recuperado el 15 de\ndiciembre de 2022. https://miet.ac.in/assets/uploads/cs/Q%20Learning.pdf\nBrooker, R. (2020). OpenAI Gym: CartPole-v1 - Q-Learning [Youtube].\nhttps://www.youtube.com/watch?v=JNKvJEzuNsc&t=227s\nJang, B. Kim, M. Harerimana, G. y Kim, J.W. (2019). ""Q-Learning Algorithms: A\nComprehensive Classification and Applications,"". IEEE Access, vol. 7,133653-\n133667, doi: 10.1109/ACCESS.2019.2941229\nMatiisen, T. (s. f.). Q-learning [Presentación]. Recuperado el 15 de diciembre de', 'transitará.\nComo se puede apreciar en la ecuación anterior, el Q-learning usa el método de\ndiferencias temporales para la actualización o estimación de los valores Q, ya que sólo\ntoma en cuenta el estado actual y el siguiente estado para estimar los valores Q\n(Matiisen, s. f.). Por otro lado, cuando el Q-learning es ejecutado se crea lo que se llama\nuna tabla-Q, que es una matriz donde las filas normalmente representan cada estado\nposible y las columnas las acciones posibles en cada estado (Aggarwal, s.f. ). Por lo\ntanto, cada entrada de la matriz es un par estado-acción. La tabla siempre se inicializa\ncon todos los valores en 0 y se actualiza cada entrada con la ecuación de actualización\nπ∗\nQ(s,a)\nQ(s,a)\nQ(s,a)←Q(s,a)+α[r(s,a)+γmaxQ′(s′,a′)−Q(s,a)]\nr(s,a)\nγ\nα\nQ(s,a)\nmaxQ′(s′,a′)']","**Respuesta Principal:**
La tasa de aprendizaje en Q-Learning, representada por el símbolo α en la ecuación de actualización de la función Q, es un parámetro crucial que determina en qué medida los nuevos conocimientos adquiridos deben reemplazar a los conocimientos existentes. En otras palabras, la tasa de aprendizaje controla cuánto valor se le da a la nueva información en comparación con la información previamente aprendida. 

Cuando se actualiza la función Q con la ecuación de Bellman en Q-Learning, la tasa de aprendizaje α juega un papel fundamental al regular la rapidez con la que el agente incorpora y adapta sus conocimientos sobre el entorno. Una tasa de aprendizaje alta puede llevar a una convergencia más rápida pero con mayor riesgo de sobreajuste, mientras que una tasa baja puede requerir más iteraciones para converger pero con una mayor estabilidad en el aprendizaje.

**Detalles Adicionales:**
La elección de la tasa de aprendizaje en Q-Learning es un aspecto crucial y a menudo requiere ajustes empíricos para encontrar el equilibrio adecuado entre la exploración del entorno y la explotación de las acciones más prometedoras. Una tasa de aprendizaje óptima puede variar según la naturaleza del problema y la complejidad del entorno en el que opera el agente.

**Conclusión:**
La tasa de aprendizaje en Q-Learning es un parámetro esencial que influye en la capacidad del agente para aprender de manera eficiente y efectiva en un entorno dado. Es importante ajustar cuidadosamente este parámetro para lograr un equilibrio entre la exploración y la explotación, maximizando así el rendimiento del agente en la resolución de problemas de aprendizaje por refuerzo.","La tasa de aprendizaje (α) en Q-Learning controla qué tan rápido el agente actualiza sus valores Q. Un valor alto (cerca de 1) hace que el agente aprenda rápidamente pero sea inestable, mientras que un valor bajo (cerca de 0) hace el aprendizaje más estable pero lento. Típicamente se usa α entre 0.1 y 0.5.",0.47368421052631576,0.8705240110629822,0.8333333332916666,0.5
¿Cuál es la diferencia entre exploración y explotación?,"[""útil es una acción en ganar una recompensa a futuro (Shyalika, 2019). Es así que el Q-\nlearning estima la función  que es el valor esperado de hacer una acción 'a' en\nun estado 's' para estimar la política óptima y la ecuación de actualización de los\nvalores  es la siguiente:\nDonde:\n = recompensa obtenida en ese estado dada una acción.\n = factor de descuento para el estado futuro (al que se transitará), su valor es fijo\ny puede tomar el rango de valores de [0,1].\n = parámetro de aprendizaje, no es fijo ya que al inicio comienza en 1 y con cada\niteración irá disminuyendo su valor hasta alcanzar el valor de 0 o un límite inferior\ndefinido de antemano (ej. 0.01).\n = valor Q del estado actual dada la acción a.\n = máxima futura recompensa esperada del estado nuevo al que se\ntransitará.\nComo se puede apreciar en la ecuación anterior, el Q-learning usa el método de\ndiferencias temporales para la actualización o estimación de los valores Q, ya que sólo"", ""Q-learning en el ambiente del FrozenLake\nAlicia Muñiz Jiménez\nLa clave para resolver problemas de aprendizaje por refuerzo (RL) es encontrar la\npolítica óptima ( ) de la función de valor para el problema específico. El Q-learning es\nun algoritmo del tipo modelo libre del RL basado en valor y es un policy off-learner, es\ndecir, depende del ensayo y error para actualizar su experiencia y conocimiento del\nentorno, ya que tienen que aprender la dinámica del sistema a través de la experiencia\ny aprende el valor de la política óptima independientemente del tipo de acciones del\nagente, así como que las actualizaciones de la función de valor se basan en la ecuación\nde Bellman (Jang, Kim, Harerimana y Kim, 2019).\nSu Q proviene de quality (cualidad en inglés), ya que el Q-learning representa qué tan\nútil es una acción en ganar una recompensa a futuro (Shyalika, 2019). Es así que el Q-\nlearning estima la función  que es el valor esperado de hacer una acción 'a' en"", 'de los valores Q, de acuerdo con lo que el agente explora en cada iteración. La tabla al\nfinal sirve como referencia para que el agente pueda seleccionar la mejor acción\nbasada en los valores Q.\nFinalmente, es importante recalcar que en el Q-learning el agente trabaja con una\npolítica epsilon-greedy, mas esta política no tiene valores fijos, sino que al inicio el\nalgoritmo tiene un epsilon de 1 y con cada iteración este valor va disminuyendo hasta\nterminar en 0 o en un límite inferior como 0.01, si es que así se especifica de antemano\n(Matiisen, s.f.). Esto se debe a que como el algoritmo no tiene conocimiento de la\ndinámica del sistema al inicio, entonces necesita explorar mucho para conocer el\nentorno, pero conforme va conociendo más del entorno puede explotar cada vez más\ny no solo explorar.\nDespués de la breve introducción al Q-learning, ahora se procederá con un ejemplo\npráctico sobre dos agentes que interactúan en el entorno virtual ""Frozen Lake"" del']","**Respuesta Principal:**

La diferencia entre exploración y explotación es un concepto fundamental en el aprendizaje por refuerzo, incluyendo algoritmos como el Q-learning. 

- **Exploración**: Se refiere a la estrategia de probar acciones desconocidas o menos probables con el fin de descubrir nuevas oportunidades y mejorar el conocimiento del entorno. En el contexto del Q-learning, la exploración implica tomar decisiones que pueden no ser óptimas en ese momento, pero que ayudan a recopilar información valiosa para mejorar la política de decisión a largo plazo.

- **Explotación**: Por otro lado, la explotación se centra en aprovechar al máximo el conocimiento actual para tomar decisiones que maximicen las recompensas inmediatas. En el Q-learning, la explotación implica seleccionar las acciones que se consideran óptimas en función de los valores Q estimados hasta el momento.

En resumen, la exploración busca descubrir nuevas posibilidades y mejorar el conocimiento del entorno, mientras que la explotación se enfoca en aprovechar al máximo el conocimiento existente para maximizar las recompensas inmediatas.

**Detalles Adicionales:**

En el contexto del Q-learning, encontrar un equilibrio adecuado entre la exploración y la explotación es crucial para lograr un aprendizaje eficiente y una convergencia hacia la política óptima. La política epsilon-greedy mencionada anteriormente es una forma común de abordar esta dicotomía, donde se elige aleatoriamente entre explorar (con probabilidad epsilon) y explotar (con probabilidad 1-epsilon) en cada paso de aprendizaje.",Exploración significa que el agente prueba acciones aleatorias para descubrir nuevas estrategias y evitar quedarse en óptimos locales. Explotación significa que el agente elige la mejor acción conocida basada en su experiencia actual. El balance entre ambas se maneja típicamente con estrategias como epsilon-greedy.,1.0,0.8583119048384972,0.3333333333,1.0
¿Cómo se actualiza la tabla Q?,"['transitará.\nComo se puede apreciar en la ecuación anterior, el Q-learning usa el método de\ndiferencias temporales para la actualización o estimación de los valores Q, ya que sólo\ntoma en cuenta el estado actual y el siguiente estado para estimar los valores Q\n(Matiisen, s. f.). Por otro lado, cuando el Q-learning es ejecutado se crea lo que se llama\nuna tabla-Q, que es una matriz donde las filas normalmente representan cada estado\nposible y las columnas las acciones posibles en cada estado (Aggarwal, s.f. ). Por lo\ntanto, cada entrada de la matriz es un par estado-acción. La tabla siempre se inicializa\ncon todos los valores en 0 y se actualiza cada entrada con la ecuación de actualización\nπ∗\nQ(s,a)\nQ(s,a)\nQ(s,a)←Q(s,a)+α[r(s,a)+γmaxQ′(s′,a′)−Q(s,a)]\nr(s,a)\nγ\nα\nQ(s,a)\nmaxQ′(s′,a′)', 'Actualización del valor Q\nEn Q-learning se emplea el método de diferencias temporales para actualizar los\nvalores Q (recordemos que un valor Q es la entrada de un par estado-acción de la tabla\nQ), porque para actualizar lo aprendido sólo se toma en cuenta el estado actual y el\nsiguiente.\nEl siguiente código corresponde la ecuación mencionada al inicio:\ndef new_Q_value( reward : float , action, current_state, new_state : tuple , discou\n    """"""\n    Actualización del Q-value de un par estado-acción con el método de diferencias \n       reward = recompensa obtenida en el estado actual.\n       action = acción realizada\n       current_state = estado actual\n       new_state = estado siguiente\n       discount_factor = el peso que se le da al estado siguiente (entre más cercan\n    """"""\n    act_val = Q_table[current_state, action]                             #se obtien\n    fut_opt_val = np.max(Q_table[new_state])                             #se obtien', 'de los valores Q, de acuerdo con lo que el agente explora en cada iteración. La tabla al\nfinal sirve como referencia para que el agente pueda seleccionar la mejor acción\nbasada en los valores Q.\nFinalmente, es importante recalcar que en el Q-learning el agente trabaja con una\npolítica epsilon-greedy, mas esta política no tiene valores fijos, sino que al inicio el\nalgoritmo tiene un epsilon de 1 y con cada iteración este valor va disminuyendo hasta\nterminar en 0 o en un límite inferior como 0.01, si es que así se especifica de antemano\n(Matiisen, s.f.). Esto se debe a que como el algoritmo no tiene conocimiento de la\ndinámica del sistema al inicio, entonces necesita explorar mucho para conocer el\nentorno, pero conforme va conociendo más del entorno puede explotar cada vez más\ny no solo explorar.\nDespués de la breve introducción al Q-learning, ahora se procederá con un ejemplo\npráctico sobre dos agentes que interactúan en el entorno virtual ""Frozen Lake"" del']","**Respuesta Principal:**
La tabla Q en Q-learning se actualiza utilizando la ecuación de actualización de valores Q. Esta ecuación toma en cuenta la recompensa obtenida en el estado actual, la acción realizada, el estado actual y el estado siguiente, así como el factor de descuento. La actualización se realiza de la siguiente manera:

Q(s,a) ← Q(s,a) + α [r(s,a) + γ max Q'(s',a') - Q(s,a)]

Donde:
- Q(s,a) es el valor Q actual para el par estado-acción.
- α es la tasa de aprendizaje que controla cuánto se actualiza el valor Q en cada iteración.
- r(s,a) es la recompensa obtenida al realizar la acción a en el estado s.
- γ es el factor de descuento que determina la importancia de las recompensas futuras.
- max Q'(s',a') representa el valor Q máximo para el siguiente estado s' y todas las posibles acciones a'.

Esta actualización se realiza iterativamente a medida que el agente interactúa con el entorno, permitiéndole aprender y mejorar sus decisiones basadas en las recompensas obtenidas.

**Detalles Adicionales:**
En el proceso de actualización de la tabla Q, es fundamental considerar la importancia de la exploración y la explotación. La tabla Q sirve como referencia para que el agente pueda seleccionar la mejor acción en cada estado, equilibrando entre explorar nuevas acciones para descubrir recompensas potenciales y explotar acciones conocidas para maximizar las recompensas obtenidas.

**Conclusión:**
La actualización de la tabla Q en Q-learning es un proceso clave que permite al agente mejorar su toma de decisiones a lo largo del tiempo, utilizando la información de recompensas pasadas para estimar y actualizar los valores Q de cada par estado-acción.","La tabla Q se actualiza usando la regla: Q(s,a) = Q(s,a) + α[r + γ max Q(s',a') - Q(s,a)] donde α es la tasa de aprendizaje, r es la recompensa recibida, γ es el factor de descuento, y el término entre corchetes es el error temporal difference (TD).",1.0,0.8492270312046247,0.9999999999666667,1.0
¿Qué es el factor de descuento?,"[""útil es una acción en ganar una recompensa a futuro (Shyalika, 2019). Es así que el Q-\nlearning estima la función  que es el valor esperado de hacer una acción 'a' en\nun estado 's' para estimar la política óptima y la ecuación de actualización de los\nvalores  es la siguiente:\nDonde:\n = recompensa obtenida en ese estado dada una acción.\n = factor de descuento para el estado futuro (al que se transitará), su valor es fijo\ny puede tomar el rango de valores de [0,1].\n = parámetro de aprendizaje, no es fijo ya que al inicio comienza en 1 y con cada\niteración irá disminuyendo su valor hasta alcanzar el valor de 0 o un límite inferior\ndefinido de antemano (ej. 0.01).\n = valor Q del estado actual dada la acción a.\n = máxima futura recompensa esperada del estado nuevo al que se\ntransitará.\nComo se puede apreciar en la ecuación anterior, el Q-learning usa el método de\ndiferencias temporales para la actualización o estimación de los valores Q, ya que sólo"", 'de los valores Q, de acuerdo con lo que el agente explora en cada iteración. La tabla al\nfinal sirve como referencia para que el agente pueda seleccionar la mejor acción\nbasada en los valores Q.\nFinalmente, es importante recalcar que en el Q-learning el agente trabaja con una\npolítica epsilon-greedy, mas esta política no tiene valores fijos, sino que al inicio el\nalgoritmo tiene un epsilon de 1 y con cada iteración este valor va disminuyendo hasta\nterminar en 0 o en un límite inferior como 0.01, si es que así se especifica de antemano\n(Matiisen, s.f.). Esto se debe a que como el algoritmo no tiene conocimiento de la\ndinámica del sistema al inicio, entonces necesita explorar mucho para conocer el\nentorno, pero conforme va conociendo más del entorno puede explotar cada vez más\ny no solo explorar.\nDespués de la breve introducción al Q-learning, ahora se procederá con un ejemplo\npráctico sobre dos agentes que interactúan en el entorno virtual ""Frozen Lake"" del', '1. Se especifica la estructura del entorno con una cuadrícula de  (en este caso\n) con el comando desc = [""SFFF"", ""FHFF"", ""FFFH"", ""FFFG""] (se pueden variar\nel orden de sus elementos), donde:\nS = posición inicial del agente (start)\nF = hielo (frozen)\nH = hoyo\nG = meta (goal)\n2. El comando is_slippery=True implica que el suelo está resbaloso y hace que el\nagente se mueva con una probabilidad de 1/3 a la casilla deseada y con un 1/3 de\nprobabilidad a las casillas perpendiculares a la acción deseada. Si es False el\nagente se mueve a la casilla deseada siempre.\n3. El comando render_mode=""human"" sirve para visualizar al entorno gráficamente,\nsi es igual a ""ansi"" entonces los valores de las acciones se guardan en un string\nque contiene una representación de texto de estilo terminal para cada paso\ntemporal, aunque sólo se visualiza este string si es solicitado.\n#creación del ambiente virtual con la paquetería gymnasium\nenv=gym.make(""FrozenLake-v1"",']","**Respuesta Principal:**
El factor de descuento en Q-Learning, representado por el símbolo γ en la ecuación de actualización de los valores Q, es un parámetro crucial que determina cuánto peso se le da a las recompensas futuras en relación con las recompensas inmediatas. Este factor de descuento varía en un rango de valores entre 0 y 1, donde un valor más cercano a 1 indica que se le da más importancia a las recompensas futuras, mientras que un valor más cercano a 0 significa que se priorizan las recompensas inmediatas.

**Detalles Adicionales:**
En el contexto del Q-Learning, el factor de descuento es esencial para controlar la importancia relativa de las recompensas a corto plazo frente a las recompensas a largo plazo. Un factor de descuento alto puede llevar a un agente a considerar más las recompensas futuras, lo que puede resultar en una planificación a largo plazo más efectiva. Por otro lado, un factor de descuento bajo puede hacer que el agente se enfoque más en las recompensas inmediatas, lo que puede llevar a decisiones más impulsivas.

**Conclusión:**
El factor de descuento en el Q-Learning es un parámetro crítico que influye en cómo un agente valora las recompensas presentes y futuras al tomar decisiones. Es importante ajustar este factor de descuento de manera adecuada para lograr un equilibrio entre la exploración y la explotación en el proceso de aprendizaje por refuerzo.","El factor de descuento (γ) determina la importancia de las recompensas futuras versus las inmediatas. Un valor cercano a 0 hace que el agente sea miope (solo considera recompensas inmediatas), mientras que un valor cercano a 1 hace que considere igualmente las recompensas a largo plazo. Típicamente γ está entre 0.9 y 0.99.",0.5833333333333334,0.8143935604857088,0.9999999999,0.6666666666666666
¿Cuáles son las ventajas del Q-Learning?,"['1) Modificar el código en la etapa de entrenamiento para que corra \nsólo 20 episodio (n_episodes = 20) y correr todo el código que \nsigue. ¿Qué cambios observas en la tabla Q? ¿En la etapa de prueba \no testing el agente sí llega a la meta o qué pasa?\n2) ¿Cuáles son las diferencias en la conducta del agente de \nacciones aleatorias y el agente con el algoritmo de Q-learning?\nReferencias:\nAggarwal, R. (s. f.). Q-learning - Reinforcement Learning. Recuperado el 15 de\ndiciembre de 2022. https://miet.ac.in/assets/uploads/cs/Q%20Learning.pdf\nBrooker, R. (2020). OpenAI Gym: CartPole-v1 - Q-Learning [Youtube].\nhttps://www.youtube.com/watch?v=JNKvJEzuNsc&t=227s\nJang, B. Kim, M. Harerimana, G. y Kim, J.W. (2019). ""Q-Learning Algorithms: A\nComprehensive Classification and Applications,"". IEEE Access, vol. 7,133653-\n133667, doi: 10.1109/ACCESS.2019.2941229\nMatiisen, T. (s. f.). Q-learning [Presentación]. Recuperado el 15 de diciembre de', ""Q-learning en el ambiente del FrozenLake\nAlicia Muñiz Jiménez\nLa clave para resolver problemas de aprendizaje por refuerzo (RL) es encontrar la\npolítica óptima ( ) de la función de valor para el problema específico. El Q-learning es\nun algoritmo del tipo modelo libre del RL basado en valor y es un policy off-learner, es\ndecir, depende del ensayo y error para actualizar su experiencia y conocimiento del\nentorno, ya que tienen que aprender la dinámica del sistema a través de la experiencia\ny aprende el valor de la política óptima independientemente del tipo de acciones del\nagente, así como que las actualizaciones de la función de valor se basan en la ecuación\nde Bellman (Jang, Kim, Harerimana y Kim, 2019).\nSu Q proviene de quality (cualidad en inglés), ya que el Q-learning representa qué tan\nútil es una acción en ganar una recompensa a futuro (Shyalika, 2019). Es así que el Q-\nlearning estima la función  que es el valor esperado de hacer una acción 'a' en"", 'transitará.\nComo se puede apreciar en la ecuación anterior, el Q-learning usa el método de\ndiferencias temporales para la actualización o estimación de los valores Q, ya que sólo\ntoma en cuenta el estado actual y el siguiente estado para estimar los valores Q\n(Matiisen, s. f.). Por otro lado, cuando el Q-learning es ejecutado se crea lo que se llama\nuna tabla-Q, que es una matriz donde las filas normalmente representan cada estado\nposible y las columnas las acciones posibles en cada estado (Aggarwal, s.f. ). Por lo\ntanto, cada entrada de la matriz es un par estado-acción. La tabla siempre se inicializa\ncon todos los valores en 0 y se actualiza cada entrada con la ecuación de actualización\nπ∗\nQ(s,a)\nQ(s,a)\nQ(s,a)←Q(s,a)+α[r(s,a)+γmaxQ′(s′,a′)−Q(s,a)]\nr(s,a)\nγ\nα\nQ(s,a)\nmaxQ′(s′,a′)']","**Respuesta Principal:**
Una de las principales ventajas del Q-Learning es su capacidad para aprender de manera autónoma sin necesidad de un modelo del entorno, lo que lo convierte en un algoritmo de aprendizaje por refuerzo muy flexible y aplicable a una amplia gama de problemas. Algunas ventajas específicas incluyen:

1. **Modelo libre y off-policy**: Q-Learning es un algoritmo modelo libre, lo que significa que no requiere conocer explícitamente la dinámica del entorno, permitiendo adaptarse a entornos complejos y desconocidos. Además, al ser off-policy, puede aprender de acciones distintas a las que realmente se están ejecutando, lo que lo hace más eficiente en la exploración del espacio de acciones.

2. **Optimización de la política óptima**: Q-Learning busca aprender la función de valor óptima, lo que le permite encontrar la política de acciones que maximiza la recompensa a largo plazo. Esto lo convierte en una herramienta poderosa para la toma de decisiones secuenciales en entornos dinámicos.

3. **Eficiencia en la actualización de valores Q**: El algoritmo de actualización de la tabla Q en Q-Learning es relativamente simple y eficiente, ya que se basa en la ecuación de Bellman y en el método de diferencias temporales. Esto permite una actualización rápida de los valores Q y una convergencia hacia la política óptima.

4. **Exploración y explotación equilibradas**: Q-Learning incorpora un equilibrio entre la exploración de nuevas acciones y la explotación de acciones conocidas, lo que le permite encontrar un equilibrio óptimo entre la búsqueda de nuevas estrategias y la maximización de las recompensas actuales.

5. **Adaptabilidad a entornos cambiantes**: Debido a su capacidad para aprender de la experiencia y adaptarse a entornos dinámicos, el Q-Learning es robusto frente a cambios en el entorno o en las condiciones del problema, lo que lo hace adecuado para aplicaciones del mundo real.

**Detalles Adicionales:**
Además de estas ventajas, el Q-Learning ha demostrado ser efectivo en una amplia variedad de aplicaciones, desde juegos hasta robótica y control de sistemas, lo que resalta su versatilidad y potencial en la resolución de problemas complejos mediante el aprendizaje por refuerzo.

**Conclusión:**
En resumen, el Q-Learning ofrece una serie de ventajas clave que lo convierten en una herramienta poderosa para la resolución de problemas de aprendizaje por refuerzo, destacando su capacidad para aprender de manera autónoma, optimizar políticas de acciones y adaptarse a entornos cambiantes de manera eficiente.","Las ventajas del Q-Learning incluyen: no requiere modelo del entorno, garantiza convergencia a la política óptima bajo ciertas condiciones, es simple de implementar, funciona con espacios de estados y acciones discretos, y puede manejar problemas estocásticos.",0.8095238095238095,0.9117648786366334,0.49999999995,0.4
¿En qué problemas se aplica Q-Learning?,"['1) Modificar el código en la etapa de entrenamiento para que corra \nsólo 20 episodio (n_episodes = 20) y correr todo el código que \nsigue. ¿Qué cambios observas en la tabla Q? ¿En la etapa de prueba \no testing el agente sí llega a la meta o qué pasa?\n2) ¿Cuáles son las diferencias en la conducta del agente de \nacciones aleatorias y el agente con el algoritmo de Q-learning?\nReferencias:\nAggarwal, R. (s. f.). Q-learning - Reinforcement Learning. Recuperado el 15 de\ndiciembre de 2022. https://miet.ac.in/assets/uploads/cs/Q%20Learning.pdf\nBrooker, R. (2020). OpenAI Gym: CartPole-v1 - Q-Learning [Youtube].\nhttps://www.youtube.com/watch?v=JNKvJEzuNsc&t=227s\nJang, B. Kim, M. Harerimana, G. y Kim, J.W. (2019). ""Q-Learning Algorithms: A\nComprehensive Classification and Applications,"". IEEE Access, vol. 7,133653-\n133667, doi: 10.1109/ACCESS.2019.2941229\nMatiisen, T. (s. f.). Q-learning [Presentación]. Recuperado el 15 de diciembre de', ""Q-learning en el ambiente del FrozenLake\nAlicia Muñiz Jiménez\nLa clave para resolver problemas de aprendizaje por refuerzo (RL) es encontrar la\npolítica óptima ( ) de la función de valor para el problema específico. El Q-learning es\nun algoritmo del tipo modelo libre del RL basado en valor y es un policy off-learner, es\ndecir, depende del ensayo y error para actualizar su experiencia y conocimiento del\nentorno, ya que tienen que aprender la dinámica del sistema a través de la experiencia\ny aprende el valor de la política óptima independientemente del tipo de acciones del\nagente, así como que las actualizaciones de la función de valor se basan en la ecuación\nde Bellman (Jang, Kim, Harerimana y Kim, 2019).\nSu Q proviene de quality (cualidad en inglés), ya que el Q-learning representa qué tan\nútil es una acción en ganar una recompensa a futuro (Shyalika, 2019). Es así que el Q-\nlearning estima la función  que es el valor esperado de hacer una acción 'a' en"", 'transitará.\nComo se puede apreciar en la ecuación anterior, el Q-learning usa el método de\ndiferencias temporales para la actualización o estimación de los valores Q, ya que sólo\ntoma en cuenta el estado actual y el siguiente estado para estimar los valores Q\n(Matiisen, s. f.). Por otro lado, cuando el Q-learning es ejecutado se crea lo que se llama\nuna tabla-Q, que es una matriz donde las filas normalmente representan cada estado\nposible y las columnas las acciones posibles en cada estado (Aggarwal, s.f. ). Por lo\ntanto, cada entrada de la matriz es un par estado-acción. La tabla siempre se inicializa\ncon todos los valores en 0 y se actualiza cada entrada con la ecuación de actualización\nπ∗\nQ(s,a)\nQ(s,a)\nQ(s,a)←Q(s,a)+α[r(s,a)+γmaxQ′(s′,a′)−Q(s,a)]\nr(s,a)\nγ\nα\nQ(s,a)\nmaxQ′(s′,a′)']","**Respuesta Principal:**
El algoritmo de Q-Learning se aplica en una amplia variedad de problemas en los que se requiere la toma de decisiones secuenciales basadas en recompensas. Algunos de los problemas comunes donde se utiliza Q-Learning incluyen:

1. **Control de Juegos**: Q-Learning se ha utilizado con éxito en juegos de estrategia, como el ajedrez, Go y videojuegos, donde el agente aprende a través de la interacción con el entorno y busca maximizar las recompensas a largo plazo.

2. **Robótica**: En robótica, Q-Learning se emplea para entrenar agentes robóticos en tareas como la navegación autónoma, manipulación de objetos y control de drones.

3. **Optimización de Recursos**: En entornos empresariales, Q-Learning se utiliza para optimizar la asignación de recursos, programación de tareas y toma de decisiones en tiempo real.

4. **Sistemas de Recomendación**: En aplicaciones de recomendación, como recomendación de películas, música o productos en línea, Q-Learning puede utilizarse para personalizar y mejorar las recomendaciones basadas en las preferencias del usuario.

5. **Redes de Distribución y Logística**: En logística y gestión de cadenas de suministro, Q-Learning puede ser aplicado para optimizar rutas de entrega, inventario y planificación de la producción.

En resumen, Q-Learning es una técnica versátil que se puede aplicar en una amplia gama de problemas que involucran toma de decisiones secuenciales y optimización de recompensas a largo plazo.

**Detalles Adicionales:**
Además de los ejemplos mencionados, Q-Learning también se ha utilizado en sistemas de control de tráfico, sistemas de recomendación de contenido en plataformas digitales, optimización de carteras de inversión, entre otros campos donde se requiere aprendizaje por refuerzo para mejorar la toma de decisiones.

**Conclusión:**
Q-Learning es una herramienta poderosa y flexible que puede aplicarse en una amplia variedad de problemas en diferentes campos, permitiendo a los agentes aprender de manera autónoma y mejorar su desempeño a lo largo del tiempo.","Q-Learning se aplica en: videojuegos (como Atari), navegación robótica, control de tráfico, sistemas de recomendación, trading financiero, optimización de recursos, gestión de inventarios, y cualquier problema de toma de decisiones secuencial con recompensas.",0.21739130434782608,0.9528994991714397,0.49999999995,0.0
¿Qué es la política epsilon-greedy?,"['de los valores Q, de acuerdo con lo que el agente explora en cada iteración. La tabla al\nfinal sirve como referencia para que el agente pueda seleccionar la mejor acción\nbasada en los valores Q.\nFinalmente, es importante recalcar que en el Q-learning el agente trabaja con una\npolítica epsilon-greedy, mas esta política no tiene valores fijos, sino que al inicio el\nalgoritmo tiene un epsilon de 1 y con cada iteración este valor va disminuyendo hasta\nterminar en 0 o en un límite inferior como 0.01, si es que así se especifica de antemano\n(Matiisen, s.f.). Esto se debe a que como el algoritmo no tiene conocimiento de la\ndinámica del sistema al inicio, entonces necesita explorar mucho para conocer el\nentorno, pero conforme va conociendo más del entorno puede explotar cada vez más\ny no solo explorar.\nDespués de la breve introducción al Q-learning, ahora se procederá con un ejemplo\npráctico sobre dos agentes que interactúan en el entorno virtual ""Frozen Lake"" del', 'pone porque lo que se quiere es que el agente siga explorando de vez en cuando,\naunque ya tenga un buen modelo del entorno.\ndef exploration_rate(n : int, min_rate= 0.1 ) -> float :\n    """"""Tasa de decaimiento de exploración en cada episodio""""""\n    #\n    return max(min_rate, min(1, 1.0 - math.log10((n  + 1) / 25)))\nPolítica epsilon-greedy\nLa política epsilon-greedy elige la opción de mayor recompensa la mayoría de las veces\ny con probabilidad ϵ elige aleatoriamente el resto de las veces (Francois-Lavent et al.,\n2018).\nEl código a continuación muestra que si un número aleatorio es menor que la tasa de\nexploración, entonces se decide explorar, sino, se explota al elegir el argumento\nmáximo de las acciones del Q-table (dado un estado específico).\ndef policy_e_greedy(current_state : tuple):\n    """"""Regla de decisión basada en una política epsilon-greedy, dado en el estado q\n    # explorar (acción aleatoria)\n    if np.random.random() < exploration_rate(e):', 'actions = []\n    while done==False:\n        #Se selecciona la acción con la política epsilon greedy\n        action = policy_e_greedy(current_state)\n        actions.append(action_names[action])\nQ(s,a)←Q(s,a)+α[r(s,a)+γmaxQ′(s′,a′)−Q(s,a)]\nIn [12]:\nIn [13]:']","**Respuesta Principal:**
La política epsilon-greedy es una estrategia utilizada en el aprendizaje por refuerzo, específicamente en el Q-Learning, que combina la exploración y la explotación de acciones. En esta política, la mayoría de las veces se elige la acción con la mayor recompensa conocida (explotación), pero con una probabilidad ε se elige una acción aleatoria (exploración). Esto permite al agente aprender más sobre el entorno al principio, explorando diferentes acciones, y luego explotar ese conocimiento para maximizar las recompensas a largo plazo.

**Detalles Adicionales:**
En la implementación de la política epsilon-greedy, se utiliza un parámetro ε que inicialmente es alto (por ejemplo, 1) y disminuye con cada iteración del algoritmo. Esta disminución gradual de ε permite que el agente explore más al principio y luego se enfoque en explotar las acciones más prometedoras a medida que adquiere más conocimiento sobre el entorno.

**Conclusión:**
La política epsilon-greedy es una estrategia fundamental en el Q-Learning que equilibra la exploración y la explotación para lograr un aprendizaje efectivo en entornos desconocidos.",La política epsilon-greedy es una estrategia que balancea exploración y explotación. Con probabilidad (1-ε) elige la mejor acción conocida (explotación) y con probabilidad ε elige una acción aleatoria (exploración). ε típicamente decrece durante el entrenamiento desde ~1.0 hasta ~0.1.,1.0,0.8864557160117448,0.99999999995,1.0
¿Cómo se evalúa un agente Q-Learning?,"['1) Modificar el código en la etapa de entrenamiento para que corra \nsólo 20 episodio (n_episodes = 20) y correr todo el código que \nsigue. ¿Qué cambios observas en la tabla Q? ¿En la etapa de prueba \no testing el agente sí llega a la meta o qué pasa?\n2) ¿Cuáles son las diferencias en la conducta del agente de \nacciones aleatorias y el agente con el algoritmo de Q-learning?\nReferencias:\nAggarwal, R. (s. f.). Q-learning - Reinforcement Learning. Recuperado el 15 de\ndiciembre de 2022. https://miet.ac.in/assets/uploads/cs/Q%20Learning.pdf\nBrooker, R. (2020). OpenAI Gym: CartPole-v1 - Q-Learning [Youtube].\nhttps://www.youtube.com/watch?v=JNKvJEzuNsc&t=227s\nJang, B. Kim, M. Harerimana, G. y Kim, J.W. (2019). ""Q-Learning Algorithms: A\nComprehensive Classification and Applications,"". IEEE Access, vol. 7,133653-\n133667, doi: 10.1109/ACCESS.2019.2941229\nMatiisen, T. (s. f.). Q-learning [Presentación]. Recuperado el 15 de diciembre de', ""Q-learning en el ambiente del FrozenLake\nAlicia Muñiz Jiménez\nLa clave para resolver problemas de aprendizaje por refuerzo (RL) es encontrar la\npolítica óptima ( ) de la función de valor para el problema específico. El Q-learning es\nun algoritmo del tipo modelo libre del RL basado en valor y es un policy off-learner, es\ndecir, depende del ensayo y error para actualizar su experiencia y conocimiento del\nentorno, ya que tienen que aprender la dinámica del sistema a través de la experiencia\ny aprende el valor de la política óptima independientemente del tipo de acciones del\nagente, así como que las actualizaciones de la función de valor se basan en la ecuación\nde Bellman (Jang, Kim, Harerimana y Kim, 2019).\nSu Q proviene de quality (cualidad en inglés), ya que el Q-learning representa qué tan\nútil es una acción en ganar una recompensa a futuro (Shyalika, 2019). Es así que el Q-\nlearning estima la función  que es el valor esperado de hacer una acción 'a' en"", 'Agente con el algoritmo de Q-learning\nCreación del entorno virtual para el nuevo agente\nSe volverá a crear el ambiente virtual porque a diferencia del agente de acciones\naleatorias, en este ambiente se usará render_mode=""ansi"", ya que como el agente\nnecesitará muchos episodios para aprender, es mejor no visualizar al agente en el\nambiente, sino sería más tardado el aprendizaje por el costo computacional.\n# creación del ambiente del agente que aprenderá con Q-learning\nenv=gym.make(""FrozenLake-v1"",desc=[""SFFF"", ""FHFF"", ""FFFH"", ""FFFG""], is_slippery=Fal\nSe confirman cuántas acciones posibles hay:\nenv.action_space.n\n4\nSe confirman cuántos estados hay en el ambiente:\nenv.observation_space.n\n16\nSe crea una tabla Q (Q_table), que es una matriz donde las filas representan cada\nestado posible y las columnas las acciones posibles en cada estado. Esta se inicializa\ncon todos sus valores en cero y conforme el agente aprenda actualizará los valores de\ncada entrada.']","**Respuesta Principal:**
Para evaluar un agente Q-Learning, se utiliza la tabla Q que ha sido actualizada a lo largo del entrenamiento. La evaluación implica observar cómo el agente toma decisiones en un entorno específico basado en los valores de la tabla Q. El agente selecciona la acción con el valor Q más alto para un estado dado, lo que indica la acción más prometedora según su aprendizaje previo. Durante la etapa de prueba o testing, el agente utiliza la política derivada de la tabla Q para tomar decisiones en un entorno simulado o real, evaluando su desempeño en términos de recompensas obtenidas y la capacidad de alcanzar los objetivos establecidos.

**Detalles Adicionales:**
En la evaluación del agente Q-Learning, es crucial considerar la exploración y explotación de acciones. La exploración implica probar acciones no necesariamente óptimas para descubrir nuevas estrategias, mientras que la explotación se refiere a elegir las acciones con los valores Q más altos para maximizar las recompensas a corto plazo. En la etapa de prueba, se busca equilibrar la exploración y explotación para garantizar un aprendizaje continuo y una toma de decisiones efectiva.

**Conclusión:**
La evaluación de un agente Q-Learning se basa en la utilización de la tabla Q actualizada durante el entrenamiento para guiar las decisiones del agente en un entorno específico. Es fundamental comprender cómo el agente utiliza la información aprendida para tomar decisiones óptimas y alcanzar sus objetivos de manera eficiente.","Un agente Q-Learning se evalúa mediante: recompensa acumulada promedio por episodio, tasa de convergencia a la política óptima, estabilidad del aprendizaje, tiempo de entrenamiento requerido, y rendimiento comparado con otros algoritmos. También se usan métricas como la pérdida TD y la exploración efectiva.",1.0,0.8854615136162378,0.49999999995,0.5
